{"display":"MIRAI.730657.001","product":"mirai","device":"mirai","board":"mirai","model":"mirai","finger_print":"mamoe/mirai/mirai:10/MIRAI.200122.001/5557647:user/release-keys","boot_id":"6c0cce5d-699f-e659-adef-86227d3a229d","proc_version":"Linux version 3.0.31-ZNoDkcN2 (android-build@xxx.xxx.xxx.xxx.com)","protocol":0,"imei":"995923423665124","brand":"mamoe","bootloader":"unknown","base_band":"","version":{"incremental":"5891938","release":"10","codename":"REL","sdk":29},"sim_info":"T-Mobile","os_type":"android","mac_address":"00:50:56:C0:00:08","ip_address":[10,0,1,3],"wifi_bssid":"00:50:56:C0:00:08","wifi_ssid":"<unknown ssid>","imsi_md5":"2f37ea7a5c1162dd5170d79c8744e585","android_id":"1aeee89f0020c663","apn":"wifi","vendor_name":"MIUI","vendor_os_name":"mirai"}